p,family,rank,ETC,training_RMS_percent_diameter,training_max_percent_diameter,validation_RMS_percent_diameter,validation_max_percent_diameter
1.01,atomic,1,X(54788),0.9274614173650614,2.651386473092583,0.9278384893486058,2.633376735587496
1.01,atomic,2,X(11544),0.950134720602883,2.390400401562105,0.9597725090489432,2.482597903496461
1.01,atomic,3,X(1996),0.951824250604995,2.468844166207303,0.9253625927243528,2.5648938905590457
1.01,hull,1,X(55759),0.24264784139817241,0.4250494713748743,0.23358896184326722,0.4020306095446951
1.01,hull,2,X(63120),0.2570409522768285,0.49964881993510224,0.24565772160050955,0.45904956298410005
1.01,hull,3,X(31312),0.260411558489424,0.6266968391958923,0.28540944687984005,0.719789245082344
1.015625,atomic,1,X(60083),0.8816675337506441,2.478978651611583,0.905142651232424,2.5105121688792216
1.015625,atomic,2,X(11544),0.8830435498705778,1.9768572527115236,0.8885435346044928,1.974326399535678
1.015625,atomic,3,X(1996),0.8841760044714243,2.264512130930767,0.8624877515170403,2.22006765354523
1.015625,hull,1,X(55759),0.24902281999497677,0.43847496967922733,0.2400860520383056,0.41825315899478904
1.015625,hull,2,X(55758),0.26221184809872355,0.4668468671122919,0.267571175342197,0.4505236324034366
1.015625,hull,3,X(63120),0.2647670017023161,0.5130910699489695,0.2535816419119409,0.4738331869186133
1.05,atomic,1,X(7272),0.6458941567420927,1.2965153932298843,0.6427933381423621,1.3166636077366203
1.05,atomic,2,X(60258),0.6585881000897262,1.5313976965667548,0.6814438427500653,1.5379926691159456
1.05,atomic,3,X(60617),0.6710456549189875,1.308762555639964,0.6161530055816415,1.0226661182286712
1.05,hull,1,X(55758),0.21132836949803863,0.3648589382296288,0.20864607442196648,0.34798179767232373
1.05,hull,2,X(4798),0.24563588421230978,0.564207575457598,0.2485128640280193,0.45104644445370135
1.05,hull,3,X(51126),0.24767826769978019,0.4558734426333867,0.2529293936884426,0.44977960866425315
1.1,atomic,1,X(42321),0.44185849149496287,0.7730247289726522,0.4339338435079469,0.7446760217736265
1.1,atomic,2,X(56929),0.48723653728647437,1.3235993182536436,0.4453255993770447,1.3065000469220576
1.1,atomic,3,X(4059),0.5702301347584597,1.5766211412943405,0.46600057544353435,1.5562419009260957
1.1,hull,1,X(4798),0.1538184344009136,0.4031796000476888,0.14712237413339926,0.2893272714153976
1.1,hull,2,X(51126),0.18811975640747647,0.30484955510168277,0.18132137632212517,0.2902079052861779
1.1,hull,3,X(55757),0.19295524317304763,0.34690268171939265,0.18832248698261597,0.3291509134010958
1.1715728752538097,atomic,1,X(61013),0.540743931885239,1.2513374359446827,0.5481172887186867,1.4123859184042
1.1715728752538097,atomic,2,X(61027),0.5992822210175743,1.2396269742329145,0.5908490375921479,1.411238036674027
1.1715728752538097,atomic,3,X(62919),0.6093246552231418,1.481296953658936,0.629834249407697,1.493036254781237
1.1715728752538097,hull,1,X(60644),0.17930072969543231,0.329217203753176,0.17884777511255429,0.29018425121750047
1.1715728752538097,hull,2,X(55756),0.19369674058581315,0.31881659799982354,0.18707025311949396,0.301784307053825
1.1715728752538097,hull,3,X(55755),0.19916900352850664,0.343083649121237,0.20037625802267317,0.33109313280470304
1.25,atomic,1,X(62921),1.1644178876585718,3.435354457279322,1.372901735540199,4.930340892848124
1.25,atomic,2,X(30380),1.2651258092906241,3.3459836299617733,1.4961240906041322,4.944847318838734
1.25,atomic,3,X(57722),1.337428268080445,4.04008259939792,1.559226622404198,5.166692321623198
1.25,hull,1,X(55754),0.18465231658476294,0.32131283868013205,0.1861612167663183,0.31242369693824223
1.25,hull,2,X(6707),0.19594578706788518,0.38409182522726626,0.20350797524358305,0.46508861227207604
1.25,hull,3,X(55755),0.19717373939204821,0.31930649218559276,0.19269143251433263,0.3116943534629083
1.5,atomic,1,X(60096),0.390139031131484,1.183361121287266,0.3819837380405636,1.1448769921881778
1.5,atomic,2,X(60204),0.5378027017041213,1.3693605746633248,0.5088453844060001,1.3707368183285726
1.5,atomic,3,X(36511),0.5401450153994963,1.7514022211927032,0.48900519306936985,1.5750671954251043
1.5,hull,1,X(55750),0.1225368779675574,0.2343174038940224,0.12291533234877264,0.22871534599861834
1.5,hull,2,X(55751),0.15746711217770856,0.23372557362865382,0.15754354515581603,0.22925759622639263
1.5,hull,3,X(62940),0.15893986282668446,0.25119969674305576,0.158231253700613,0.2464806405055664
2,atomic,1,X(2),6.821456810368184e-15,1.1188630228279524e-14,6.1727925012315336e-15,1.1443916996305594e-14
2,atomic,2,X(51553),0.030202148058046847,0.050778937543704085,0.028248859639719726,0.0481493573044797
2,atomic,3,X(53004),0.05409259598956724,0.10730909103649859,0.05221823557130975,0.09957677472147002
2,hull,1,X(2),6.821456810368184e-15,1.1188630228279524e-14,6.1727925012315336e-15,1.1443916996305594e-14
2,hull,2,X(51553),0.030202148058046847,0.050778937543704085,0.028248859639719726,0.0481493573044797
2,hull,3,X(53004),0.05409259598956724,0.10730909103649859,0.05221823557130975,0.09957677472147002
2.5,atomic,1,X(7944),0.32703418282395824,0.803896844766326,0.30882116601184584,0.7396810786150461
2.5,atomic,2,X(5599),0.5000381940552493,1.1167719249412857,0.5078669037688628,1.276708787664812
2.5,atomic,3,X(17250),0.5020527927062728,1.0976693736556733,0.507197961446088,1.0524251014176236
2.5,hull,1,X(61001),0.09355594752881953,0.20871506096547268,0.09376811255490196,0.23680425829379942
2.5,hull,2,X(19872),0.25188139324611036,0.4456926309413557,0.2677401720343033,0.5132300290854221
2.5,hull,3,X(31253),0.258513554332838,0.42593409413935607,0.25789027905674056,0.4265033238632987
3,atomic,1,X(69642),0.4860523262424526,0.9169869919585192,0.5102853509761626,1.2564891390954243
3,atomic,2,X(3305),0.6222558065545966,1.2268520523478446,0.6149600988133537,1.369176603148143
3,atomic,3,X(54357),0.8108732575096369,1.1506722213398644,0.7872817662101566,1.327564433263636
3,hull,1,X(31268),0.15606288258318712,0.3489850920436582,0.1555847529974093,0.3370306820612358
3,hull,2,X(15894),0.2786849960189696,0.49085418882319704,0.3404852292647621,1.235164377191848
3,hull,3,X(52706),0.29145978877066975,0.5079634370438569,0.3090593215861297,0.5109034874359062
4,atomic,1,X(15810),0.1256809413963275,0.19415349835201906,0.13224271621320083,0.19489716684945396
4,atomic,2,X(56508),0.56456280500795,1.1567618096511338,0.6134916205794385,1.3465166386406489
4,atomic,3,X(29492),0.6076743821156416,1.2619119404112444,0.6575394396190158,1.3776859162042145
4,hull,1,X(52788),0.2038263695036892,0.36344627923987133,0.20800555664555875,0.3572863903167935
4,hull,2,X(46225),0.33535362761474463,0.5721517007761353,0.33283221094772086,0.5701477136582036
4,hull,3,X(7914),0.4639624542211115,0.9533693137949001,0.4741244590671141,0.955978489100185
5,atomic,1,X(7928),0.7539178946419774,1.3559537553345697,0.7366783527516682,1.358249882876524
5,atomic,2,X(15810),1.0812339359086076,1.3969658402545753,1.123976768192787,1.3971286941659409
5,atomic,3,X(32578),1.1767818144972826,1.75683195825055,1.323878595744741,3.7631035260655135
5,hull,1,X(7937),0.3460801391010593,0.6096098235985995,0.3620451863776127,0.616196883360963
5,hull,2,X(5506),0.4531125434793862,0.84901504112207,0.47985211927598204,0.8979200121982726
5,hull,3,X(5316),0.5118954158595509,0.9309646259403455,0.5560913855725642,0.9149584888625458
6,atomic,1,X(46844),1.0782297974558093,2.655663970373578,1.2101070897219468,3.200572268774124
6,atomic,2,X(18236),1.1859462965942889,3.037053409129891,1.324912452197879,3.3248845146824175
6,atomic,3,X(50219),1.3030914577037371,2.6462436059273364,1.4194701577307223,3.1990990639627555
6,hull,1,X(7853),0.5348249055606996,1.2169578063070428,0.4917468879371562,1.2104417822309672
6,hull,2,X(31246),0.6306912275629257,1.241858879270367,0.6364959824638585,1.2289446112446683
6,hull,3,X(24954),0.7065426828135231,1.449117455981116,0.7413525884189196,1.365656155815373
7,atomic,1,X(18236),1.017513824561909,2.4627030552632503,1.1432683949867752,2.750095804954498
7,atomic,2,X(30624),1.0909233382768502,2.600073600516957,1.2244952579984079,2.791017370455448
7,atomic,3,X(46844),1.154864042365867,2.081545059303832,1.2635442622423285,2.6258959457345896
7,hull,1,X(7853),0.6251004993732786,0.9662884888606708,0.6584586539445053,0.9763149813931778
7,hull,2,X(7935),0.723681480077448,1.0850933243225147,0.7463313326170119,1.0343558768846937
7,hull,3,X(24707),0.7270595853882584,1.3126498301381635,0.6925367232323484,1.2245460796085774
8,atomic,1,X(30624),1.0356089471205019,2.189432013475714,1.163957051816015,2.380047177425348
8,atomic,2,X(18236),1.0797976155079745,2.051979493397884,1.1929693844427416,2.3390685424217974
8,atomic,3,X(40175),1.1116788888317066,2.2664365215961704,1.1864494579023839,2.4020650860432573
8,hull,1,X(24707),0.6234866873055042,1.3347346775208835,0.6717023733154838,1.5691762755654604
8,hull,2,X(7935),0.8575851234686788,1.6578814729588986,0.9287121689983892,1.6725807916560154
8,hull,3,X(56203),0.8784500874524155,1.441073650576537,0.868786734342215,1.2744212556200527
9,atomic,1,X(40175),0.9091568683927748,1.9583109073019886,0.9814854544974481,2.0936807447714525
9,atomic,2,X(30624),1.104772774596342,2.3402998427843222,1.2274173184855792,2.3653269103640904
9,atomic,3,X(15855),1.1260386280147765,2.051832374118596,1.1613658316840751,2.1258455244163468
9,hull,1,X(7831),0.8007976697181319,1.5009875460246718,0.8236737270182904,1.438225851714987
9,hull,2,X(24707),0.9370054230811797,1.919777187253294,1.0402000279311014,2.154421776038248
9,hull,3,X(56203),1.0020190358534222,2.1367755921743146,1.0079700202069755,1.9367203961917625
10,atomic,1,X(40175),0.8057919837535645,1.7185723818685,0.8783507207062486,1.8537424089926362
10,atomic,2,X(15855),1.0128388205548007,1.8121741390338009,1.0403503171089312,1.885978646050146
10,atomic,3,X(59646),1.0869868476848101,1.9190288904738464,1.1626551775469731,1.9148621147816915
10,hull,1,X(7831),0.9200842861980683,2.135531537864905,0.9658667107194124,2.0660180413475437
10,hull,2,X(29492),1.13528253254863,2.3534270755403575,1.1939357177807082,2.30274963010182
10,hull,3,X(56508),1.183106556148834,2.329580462681541,1.2371229617651867,2.2696496939660786
11,atomic,1,X(40175),0.7787643786126061,1.5267421088042927,0.8516136294296319,1.6617551866366578
11,atomic,2,X(15855),0.9687630623215944,1.6204202316723877,0.9904889669642416,1.6940619720857444
11,atomic,3,X(59646),1.0566802443553978,1.7271612686552158,1.1326832480489553,1.722865953935089
11,hull,1,X(7831),1.16448133809289,2.6973670436843378,1.2285748772229064,2.611329411541109
11,hull,2,X(29492),1.219593183188219,2.911862562575386,1.3047339112903475,2.8469320978559725
11,hull,3,X(56508),1.237446511580317,2.88774146635367,1.317939815621718,2.813707085185332
12,atomic,1,X(40175),0.8020956107856069,1.6833142510704213,0.8744176690628103,1.6847889737447816
12,atomic,2,X(15855),0.9721720021332934,1.7771069300275357,0.9897372763294098,1.5370377859929365
12,atomic,3,X(31594),1.0513132161786558,1.6165366272736723,1.1030801033935564,1.5701332003335688
12,hull,1,X(7934),1.2287186855553693,2.8491340872139657,1.1196052240359982,2.6645956225547116
12,hull,2,X(15810),1.346021282236405,2.9590472133279033,1.397140895524435,2.747837611663833
12,hull,3,X(56508),1.3774580053636631,3.383748837128859,1.478210835529592,3.2872214205326276
13,atomic,1,X(40175),0.853117491812095,1.946271502070244,0.9243930141828923,1.942439510634086
13,atomic,2,X(15855),1.004694334634883,2.074838360509114,1.0193327214174515,1.8077836123424187
13,atomic,3,X(31594),1.0684888578628577,1.9015178495033405,1.119570076264514,1.8272173505521923
13,hull,1,X(7934),1.221962027954993,2.607593836751274,1.145317564967784,2.4098509081415296
13,hull,2,X(7911),1.3623674716404932,2.6828822543308233,1.3213448741585243,2.560398459473644
13,hull,3,X(15810),1.4656571102805451,3.402048813573797,1.523195255646308,3.160873657780113
14,atomic,1,X(40175),0.916676313484853,2.1710424298780024,0.9867895024775468,2.161638255775892
14,atomic,2,X(15855),1.0530827251221997,2.339521933608756,1.0656582269222055,2.0644330572323524
14,atomic,3,X(6554),1.094328858103253,1.8041941624071633,1.1217097977809003,1.7488624752636086
14,hull,1,X(7934),1.2781268038751004,2.398823592845621,1.2364264217410188,2.1939646757528357
14,hull,2,X(7911),1.2799137655681092,2.4683938606346025,1.2560399242895075,2.3254268671433724
14,hull,3,X(32578),1.5355253949935095,3.2037796479527416,1.7973327523598297,5.23205572252211
15,atomic,1,X(40175),0.9841955625015225,2.3638210405293427,1.0532239190838277,2.3486515765864358
15,atomic,2,X(15855),1.108897813932364,2.5766304415547108,1.119984164049262,2.2957852454717727
15,atomic,3,X(6554),1.1109281385264564,1.9425510282479248,1.1397867479480586,1.9354344292058758
15,hull,1,X(7911),1.2523836467154466,2.28111649000093,1.24957951004042,2.1220436051667195
15,hull,2,X(7934),1.3720813549081172,2.251143868597595,1.3615289174412624,2.2508412711237424
15,hull,3,X(25682),1.495720335730776,3.1238525090121856,1.6464436309963293,4.975580996724386
16,atomic,1,X(40175),1.0512499303192258,2.5295092100937917,1.1193222639129954,2.508453246318033
16,atomic,2,X(6554),1.136101240447313,2.107952615816898,1.1664154738956554,2.0949277528571826
16,atomic,3,X(15855),1.167166277122397,2.790449123584144,1.1771381221433574,2.5054682483806467
16,hull,1,X(7911),1.2675834305808602,2.11688408767051,1.2865348239449212,1.9461856375775382
16,hull,2,X(25682),1.3703227363251596,2.9149988047578232,1.5230197761589734,4.738329518376033
16,hull,3,X(7934),1.485259197106007,2.4405903400806306,1.5003988311906313,2.441717853583352
17,atomic,1,X(40175),1.1157097367997897,2.6720634949142292,1.1829492138617594,2.6450708922492994
17,atomic,2,X(6554),1.1662669135146362,2.2667401768276516,1.197927727458006,2.231320891943028
17,atomic,3,X(15855),1.225103868625948,2.984384403517346,1.2342080902200447,2.69647955624008
17,hull,1,X(25682),1.2781812206384504,2.726942208799682,1.43216072454275,4.523128344042464
17,hull,2,X(7911),1.3129519820153859,2.041905416009646,1.3521081156276566,2.065859287389428
17,hull,3,X(7934),1.6060424459587104,2.632541241177127,1.6419239739517544,2.6349877603712533
18,atomic,1,X(40175),1.1766526661223136,2.825222837906807,1.2431609748389965,2.7618251811496934
18,atomic,2,X(6554),1.1990400927646572,2.426140373075613,1.2319076586129931,2.3479067373113325
18,atomic,3,X(15855),1.281225098916725,3.161181912761431,1.289628414430314,2.871291013449586
18,hull,1,X(25682),1.2160034580245567,2.556761310734716,1.3700608583475458,4.326941629633699
18,hull,2,X(7911),1.37773743621045,2.2406765630533436,1.4346170211453202,2.2646865596387
18,hull,3,X(7910),1.6911888564777475,3.74712471895517,1.7575208506430826,3.787541936309471
19,atomic,1,X(6554),1.232866404321477,2.571224266273092,1.2667975329412826,2.4672026713614006
19,atomic,2,X(40175),1.2337782770619818,2.975189759180588,1.2996351522473015,2.8614973762146065
19,atomic,3,X(15855),1.3347934991397647,3.32308242931021,1.342612660139451,3.031950542903084
19,hull,1,X(25682),1.1800516035190385,2.402058976242431,1.3327618379590578,4.147276456462426
19,hull,2,X(7911),1.453868132388933,2.422802073727834,1.5259241408816535,2.4468632759730107
19,hull,3,X(7910),1.7034242753604847,3.674818276423749,1.78267785869042,3.716582247047881
20,atomic,1,X(6554),1.2667518330908543,2.703456336194641,1.30161266539149,2.5748775402656086
20,atomic,2,X(40175),1.2871002104663958,3.1113317687052744,1.3523679077018453,2.9464482076368386
20,atomic,3,X(15855),1.3854983081035073,3.471935245020953,1.392819407935569,3.180166492729536
20,hull,1,X(25682),1.1661909879688366,2.2608489161049747,1.3162170265864663,3.982065341828785
20,hull,2,X(7911),1.535773714985559,2.590364581705649,1.6207687344969648,2.6144727649492343
20,hull,3,X(7910),1.7285830239129436,3.6097149409018177,1.81986934387968,3.6526646962635927
21,atomic,1,X(6554),1.3000743085025426,2.82413897419864,1.335746091911354,2.6739601311372643
21,atomic,2,X(40175),1.3367845651285708,3.2352033925379082,1.4015134846757995,3.0538938132775515
21,atomic,3,X(5574),1.4109154352090219,3.6469103839394683,1.315044300519161,3.3071731666934348
21,hull,1,X(25682),1.1701616547225282,2.394191270342991,1.3164784889015326,3.829578209444875
21,hull,2,X(7911),1.6198051767321267,2.7451068541268193,1.7159008165998388,2.7692583590713347
21,hull,3,X(7910),1.7630176803126445,3.5507611171313727,1.8653413189465753,3.5947656823127616
21.63,atomic,1,X(6554),1.3206011754042926,2.894761067934564,1.356730808376157,2.750547229371674
21.63,atomic,2,X(40175),1.366321795693173,3.311890135770824,1.4307340355440632,3.1348227909300403
21.63,atomic,3,X(5574),1.396770559485159,3.625151878536137,1.2995273896711372,3.281727402416365
21.63,hull,1,X(25682),1.179980456451623,2.4857475637661666,1.3236160825280237,3.739377842637853
21.63,hull,2,X(7911),1.6727562192240149,2.8366834310091815,1.7750699356685309,2.8608605626087575
21.63,hull,3,X(7910),1.7881552033971477,3.516388288114013,1.896921656495568,3.561000474998911
22,atomic,1,X(6554),1.33245653317482,2.9344186216820844,1.3688382455410102,2.794061772064676
22,atomic,2,X(40175),1.3830647783087926,3.3577908963354908,1.447298814022098,3.1806725472051633
22,atomic,3,X(5574),1.389177613371021,3.6129723318610667,1.2912064393995684,3.2675001511973507
22,hull,1,X(25682),1.1879197847998528,2.537552326258137,1.329906681128449,3.688355506201059
22,hull,2,X(7911),1.7036541102956073,2.888499158329374,1.8093807624809592,2.912690790837568
22,hull,3,X(7910),1.803863314495852,3.497107046196178,1.9162364954764786,3.5420578858663254
23,atomic,1,X(6554),1.3636815126881596,3.0353013546124394,1.4006909442280029,2.9065539088256265
23,atomic,2,X(5574),1.3710203674023296,3.5820759711670918,1.2713466408898904,3.2314679432102693
23,atomic,3,X(40175),1.42619691295181,3.475761911167072,1.4899779524154464,3.298801075685386
23,hull,1,X(25682),1.2159035416158088,2.670817557758497,1.3533234876619142,3.557156734604109
23,hull,2,X(7911),1.7859038329043688,3.021791102809502,1.900096042230226,3.0460200553970913
23,hull,3,X(7910),1.8489281207427342,3.4592576364462406,1.9704322171252657,3.4938633432444974
24,atomic,1,X(5574),1.3558907686275619,3.5538322811350285,1.2548655230554948,3.198612279464182
24,atomic,2,X(6554),1.3936368162957453,3.127670609214365,1.4312107416389332,3.012082501237557
24,atomic,3,X(9713),1.4591535691943502,3.984882403305175,1.458792883427711,3.8999792404652114
24,hull,1,X(25682),1.251161133857074,2.7950552164650677,1.384078809990961,3.4349203918999525
24,hull,2,X(7911),1.8657173134227034,3.1460519891650156,1.9874489308707222,3.170315778607074
24,hull,3,X(7910),1.8965683728671239,3.4256837042037045,2.0263801464046725,3.4496199021355554
24.99,atomic,1,X(5574),1.3434416713189763,3.528164251515579,1.2413849114957114,3.168831515249647
24.99,atomic,2,X(6554),1.4219979645484901,3.2114937853533267,1.4600866245505462,3.1102735560596537
24.99,atomic,3,X(9713),1.4586217665676326,3.98488240331409,1.4578300958307593,3.899979240475625
24.99,hull,1,X(25682),1.2909369700669133,2.9100614196714845,1.4196625219945367,3.321837182440296
24.99,hull,2,X(40175),1.9127859708177948,3.6347406363131727,2.025467080856929,3.7790599389078974
24.99,hull,3,X(7911),1.941876323480345,3.2610784895516365,2.070341180368831,3.2853745906803433
