ETC,selected_neighbor,status,sampled_minimum_symmetric_eigenvalue,valid_triangles,certified_finite_normalized_dot_upper
X(1),False,no sampled failure,6.001369444452731e-08,983,
X(2),True,proved attractive,0.3333333333333333,983,
X(6),False,certified failure,-0.16666652777785884,983,-0.16666630494380277
X(10),False,no sampled failure,9.76561450038993e-08,983,
X(1996),True,certified failure,-0.1871091126141392,983,-0.11548645624224198
X(3305),True,no sampled failure,0.1421763944745816,983,
X(4059),True,certified failure,-0.043770327020033584,983,-0.04307715698068784
X(4798),True,no sampled failure,0.2875000124999882,983,
X(5316),True,no sampled failure,0.19240125168558542,983,
X(5506),True,no sampled failure,0.1666669432801875,983,
X(5574),True,certified failure,-0.17011573000398467,983,-0.17016585180723864
X(5599),True,no sampled failure,0.1982336510172654,983,
X(6554),True,certified failure,-0.0666958987534313,983,-0.06612120955293624
X(6707),True,no sampled failure,0.2976190643423887,983,
X(7272),True,certified failure,-0.1609519728468068,983,-0.1615694999816694
X(7831),True,no sampled failure,0.047619102040812024,983,
X(7853),True,no sampled failure,0.11628903829577492,983,
X(7910),True,certified failure,-0.2063477853374325,983,-0.20634304865289238
X(7911),True,certified failure,-0.07936432955419799,983,-0.07936183018765734
X(7914),True,no sampled failure,0.20833335648148715,983,
X(7928),True,certified failure,-0.030302991123325435,983,-0.03030234465961927
X(7934),True,certified failure,-0.059165183992898635,983,-0.05924884445869951
X(7935),True,no sampled failure,0.044445167406908785,983,
X(7937),True,no sampled failure,0.17721733887082186,983,
X(7944),True,no sampled failure,0.17948718825336116,983,
X(9713),True,certified failure,-0.41350606176210575,983,-0.41360825854953576
X(11544),True,certified failure,-0.23360646824539474,983,-0.23213530387189543
X(15810),True,no sampled failure,1.4814803294263e-07,983,
X(15855),True,certified failure,-0.1018588906419857,983,-0.10223413974796774
X(15894),True,certified failure,-2.395811334922649,983,-1.7710550265891671
X(17250),True,no sampled failure,0.1836735260308135,983,
X(18236),True,proved attractive,1.8897107350459595e-14,983,
X(19872),True,no sampled failure,0.2941176585477817,983,
X(24707),True,no sampled failure,0.05555642129532114,983,
X(24954),True,no sampled failure,0.1531344653729749,983,
X(25682),True,certified failure,-19.24447380790685,983,-16.669587732127926
X(29492),True,no sampled failure,0.0415270820185564,983,
X(30380),True,certified failure,-0.28068611749402744,983,-0.27859196123409125
X(30624),True,certified failure,-0.025893944710527306,983,-0.025837536834828007
X(31246),True,no sampled failure,0.15857864376269046,983,
X(31253),True,no sampled failure,0.3000000097656145,983,
X(31268),True,no sampled failure,0.2533333641481367,983,
X(31312),True,no sampled failure,0.2812500214843539,983,
X(31594),True,certified failure,-0.05668193094135032,983,-0.056691038091571465
X(32578),True,certified failure,-13.387768946440794,983,-10.907858078141398
X(36511),True,no sampled failure,0.15942036543434118,983,
X(40175),True,certified failure,-0.05718916255126566,983,-0.05824592283579433
X(42321),True,certified failure,-0.02059513892959297,983,-0.009735503500758289
X(46225),True,no sampled failure,0.1944448240737826,983,
X(46844),True,certified failure,-0.12400228783883244,983,-0.11718923141045882
X(50219),True,certified failure,-0.002487224071356972,983,-0.0024821877767247417
X(51126),True,no sampled failure,0.2833333472222141,983,
X(51553),True,no sampled failure,0.3292297041295687,983,
X(52706),True,no sampled failure,0.2553191833408682,983,
X(52788),True,no sampled failure,0.19391032262897964,983,
X(53004),True,no sampled failure,0.3307510594674121,983,
X(54357),True,no sampled failure,0.14003130577950737,983,
X(54788),True,certified failure,-0.24234167591423425,983,-0.24303729853457606
X(55750),True,no sampled failure,0.3089430964813674,983,
X(55751),True,no sampled failure,0.30476191310382283,983,
X(55754),True,no sampled failure,0.29487180641162,983,
X(55755),True,no sampled failure,0.2898550857162791,983,
X(55756),True,no sampled failure,0.2857143004336161,983,
X(55757),True,no sampled failure,0.28333334891974477,983,
X(55758),True,no sampled failure,0.28070177095213933,983,
X(55759),True,no sampled failure,0.27450982288862263,983,
X(56203),True,proved attractive,6.830688451253675e-07,983,
X(56508),True,no sampled failure,0.038154680808983765,983,
X(56929),True,certified failure,-0.00057881414017006,983,-0.0005789353040445783
X(57722),True,certified failure,-0.22393432502113977,983,-0.22488167728227462
X(59646),True,certified failure,-0.0651871675638825,983,-0.06462119414825028
X(60083),True,certified failure,-0.24228571063619433,983,-0.24299941702571645
X(60096),True,no sampled failure,0.13333349481452156,983,
X(60204),True,no sampled failure,0.13341335608720145,983,
X(60258),True,certified failure,-0.1608483405053863,983,-0.16142253497174167
X(60617),True,certified failure,-0.0908975718432272,983,-0.09089019254280381
X(60644),True,no sampled failure,0.2898550840859684,983,
X(61001),True,no sampled failure,0.3000000000000037,983,
X(61013),True,certified failure,-0.06857507051456707,983,-0.06761188485655936
X(61027),True,certified failure,-0.0687237240271022,983,-0.0677718074247991
X(62919),True,certified failure,-0.04511495455453507,983,-0.044582306341542165
X(62921),True,certified failure,-0.4171514888047275,983,-0.41987864780038947
X(62940),True,no sampled failure,0.3047619124908904,983,
X(63120),True,no sampled failure,0.27450982026142845,983,
X(69642),True,no sampled failure,0.09802134798428774,983,
